date,AG,AI,AR,BE,BL,BS,FR,GE,GL,GR,JU,LU,NE,NW,OW,SG,SH,SO,SZ,TG,TI,UR,VD,VS,ZG,ZH,CH_SECO,crea_recession
1998-03-31,2.0928,2.0096,1.6353,1.9196,2.9017,3.7686,1.6466,2.1076,1.4432,1.3795,1.2362,1.6939,1.7434,1.6369,1.2656,1.9001,2.9257,1.3202,1.9654,1.4608,1.8290,0.7837,2.0188,1.3656,3.3417,2.4979,0.9988,0
1998-06-30,0.6534,1.4123,0.6559,0.8292,0.9808,0.9162,0.8406,1.4855,0.6188,0.3376,0.9085,0.7252,0.8658,0.8788,0.7120,0.9443,1.0750,0.5388,1.0314,0.7735,1.0785,0.0562,1.0633,0.4881,1.7248,1.4158,1.0266,0
1998-09-30,-0.0329,0.4210,0.0708,0.2735,0.2271,0.0387,0.1948,-0.2480,-0.0209,-0.2479,-0.0886,0.0208,0.0206,0.4269,0.1931,0.1525,-0.1106,-0.1237,0.2052,0.0729,-0.2299,-0.5191,0.0302,-0.2127,-0.3710,0.1670,0.0294,0
1998-12-31,0.0721,-0.2658,-0.2963,-0.1110,0.3152,-0.2034,-0.1761,-0.2322,-0.5166,-0.4323,-0.7093,-0.3360,-0.3364,-0.2199,-0.1216,-0.1241,-0.3653,-0.6122,-0.1068,-0.1485,-0.6335,-0.7866,-0.3734,-0.6315,0.1706,0.2475,-0.1541,0
1999-03-31,0.1839,0.7224,-0.0269,0.1328,0.1271,-1.0435,0.4747,0.2511,-0.0380,-0.5345,-0.0092,0.2403,-0.0194,0.5851,0.5593,0.2320,-0.1124,-0.0881,0.3339,0.4927,0.0529,-0.4814,0.1521,-0.4811,1.3738,0.1816,0.1746,0
1999-06-30,0.6674,0.8070,0.3125,0.5205,0.7885,-0.2216,0.5205,0.9803,0.4083,0.0799,0.5252,0.4700,0.8237,1.2814,0.0909,0.5163,0.4000,0.1649,0.6544,0.4872,0.5483,0.0653,0.4604,0.5237,1.4716,1.1268,0.6581,0
1999-09-30,0.8372,0.7004,0.1948,0.5728,1.1103,1.6137,0.8354,0.5026,-0.0248,-0.1034,0.3565,0.4160,0.3139,-0.9655,0.5033,0.4157,1.3936,0.2547,0.5509,0.5871,0.6928,-0.0030,0.8416,0.6024,1.0006,0.4073,0.5368,0
1999-12-31,1.7363,2.1601,1.1711,1.6858,2.4423,2.5085,1.6659,3.7491,1.4443,1.1925,2.2984,1.5259,2.6515,1.7222,1.2332,1.8082,2.9338,1.4065,2.0906,1.6934,2.7334,1.1707,2.0240,1.8431,4.2113,3.2801,2.3976,0
2000-03-31,0.2582,-0.1139,0.1799,0.5927,0.5172,0.8356,0.1438,0.6298,0.0096,0.2005,-0.7217,0.3121,-0.5303,-0.3922,-0.4808,0.4341,-0.2016,0.1508,0.3158,0.0018,0.1729,-0.4737,0.3355,-0.0390,-0.6448,1.3251,0.5578,0
2000-06-30,0.5205,0.2398,0.4513,0.6947,0.9224,0.0356,0.3123,-0.3152,0.2017,0.3542,0.0493,0.3596,0.3189,0.0761,0.2622,0.4386,-0.0874,0.3532,0.3325,0.2413,-0.1846,-0.1414,0.1463,0.1156,0.6555,0.3197,0.3226,0
2000-09-30,0.4364,1.4117,0.7208,0.8482,0.8840,0.6174,0.7820,1.1438,0.6267,-0.0840,1.1132,0.7326,0.7778,0.7692,0.3313,0.8883,1.0186,0.5875,0.7345,0.8176,0.8778,-0.5885,1.0075,0.0913,2.0576,0.9549,0.8744,0
2000-12-31,1.9276,2.1803,1.4037,1.4273,1.9931,1.5079,1.5564,1.2559,1.8534,1.0009,1.7859,1.5113,1.9681,1.6761,1.5957,1.6771,1.8404,1.6761,1.8101,1.6320,1.5006,1.6629,1.3003,1.6294,2.6341,1.1910,1.4724,0
2001-03-31,0.8190,0.8714,0.6419,0.5325,0.9920,1.0743,0.7593,-1.4048,0.5578,0.1743,0.6981,0.4634,1.2074,0.3930,0.7703,0.2749,0.9636,0.3585,0.4813,0.4727,-0.3845,0.3311,0.4006,0.7116,-0.5796,-1.2390,-0.0349,0
2001-06-30,0.6603,0.3905,0.3689,0.2881,0.9320,1.1748,0.4050,0.3127,0.2183,0.1754,0.1224,0.5734,0.5168,0.6759,0.2772,0.4672,0.7470,0.2694,0.8171,0.5378,0.2090,-0.0948,0.1601,0.6056,0.9332,0.4093,0.4307,0
2001-09-30,-0.1394,0.2754,-0.5636,-0.0717,0.0357,0.7637,0.1214,0.4338,-0.5729,-0.3386,-0.2619,-0.0713,-0.3385,-0.4450,0.1738,-0.1472,-0.0765,-0.3208,0.1590,-0.0794,-0.0074,-0.7974,0.2512,-0.3481,0.6555,-0.0235,0.0471,0
2001-12-31,-0.5434,-0.8232,-0.6385,-0.5162,-0.0985,0.5453,-0.3803,-0.2638,-1.1550,-0.6483,-1.0076,-0.3090,-0.8523,-0.6814,-0.5158,-0.4514,-0.4334,-0.8890,-0.2725,-0.4372,-0.7389,-1.4594,-0.5554,-0.7742,-0.5249,-0.2862,-0.4168,1
2002-03-31,0.1337,0.0056,-0.6285,-0.0097,0.4122,1.4416,0.5882,0.0873,-0.4573,-0.3822,-0.2591,0.2968,0.0029,-0.0641,0.0270,-0.0879,0.8143,-0.0474,0.0044,0.2089,0.2559,-0.4662,0.3503,-0.2145,0.4690,-0.5636,0.0592,1
2002-06-30,0.6266,0.3507,-0.1298,0.3037,0.7781,0.8776,0.6446,0.1921,0.1290,0.1207,1.0856,0.7382,0.6919,0.1919,0.1704,0.4493,0.6280,0.7710,0.8157,0.6461,0.0875,0.0415,0.1001,0.7320,1.2759,-0.4769,0.2251,1
2002-09-30,0.0507,0.2895,-0.5412,0.0522,-0.0522,0.6561,0.2419,0.1861,-0.1884,-0.3114,0.0868,0.2339,-0.1691,0.0755,0.0706,0.0736,0.1819,0.2242,0.1436,0.1589,0.1489,-0.4768,0.3023,-0.2970,0.3165,-0.3633,-0.0262,1
2002-12-31,-0.5944,-0.1559,-1.0567,-0.3780,-0.8469,-0.6303,-0.4156,-0.1323,-0.8031,-0.3765,-0.9733,-0.3187,-0.8071,-0.5827,-0.4640,-0.5270,-1.0790,-0.3839,-0.1316,-0.4901,-0.3908,-0.7861,-0.3667,-0.5515,-0.1316,-0.5104,-0.4269,1
2003-03-31,-0.2828,-0.1947,-0.8008,-0.2476,-0.2819,-0.3598,-0.2653,-0.4899,-0.4317,-0.2739,-0.5548,-0.1912,-0.4765,-0.1005,-0.3118,-0.3912,-0.5897,-0.1594,0.0519,-0.4546,-0.2712,-0.3357,-0.1080,-0.0235,-0.1093,-0.7764,-0.3824,1
2003-06-30,-0.6341,-0.5849,-0.9351,-0.3480,-0.5744,0.5786,-0.5029,0.1356,-0.9921,-0.6079,-0.8924,-0.3928,-0.5666,-0.5563,-0.3134,-0.4192,-0.4321,-0.5864,-0.3258,-0.5667,-0.1608,-0.8020,-0.1246,-0.8411,-1.0171,0.0908,-0.2844,1
2003-09-30,0.6839,0.9010,0.2037,0.6870,0.9528,0.5361,0.6116,1.8233,0.3369,0.3942,1.1387,0.7558,1.0431,0.8768,0.8706,0.9027,1.0343,0.7870,1.0228,0.9387,1.1344,0.3619,0.9788,0.7059,2.3079,1.2244,1.0377,0
2003-12-31,0.8858,1.2925,0.1786,0.8950,0.9245,1.4333,0.9360,1.9923,0.4083,0.4766,1.0727,1.0335,0.9498,1.1487,0.8725,0.9229,1.3961,0.9652,1.2317,1.0487,1.3377,0.4074,1.5316,0.8602,1.8442,1.1776,1.1637,0
2004-03-31,0.3535,0.5153,-0.3237,0.3297,0.5793,0.7992,0.4099,0.9981,-0.4478,-0.0223,-0.0106,0.5651,0.2563,0.2626,-0.0061,0.2675,0.3650,0.1541,0.7652,0.5656,0.3744,-0.8228,0.6985,0.2153,1.4172,0.3738,0.4678,0
2004-06-30,0.8452,1.0259,0.2192,0.7917,0.6512,0.7646,0.8735,1.0134,0.1484,0.4487,1.0065,0.8010,0.5846,0.0754,0.8562,0.6616,0.6194,1.0053,1.0338,0.7452,0.6649,0.4228,1.0430,1.0786,1.2707,0.3879,0.7010,0
2004-09-30,-0.0145,-0.6293,-0.6585,-0.1302,-0.1790,0.2044,-0.1220,-0.4937,-0.6298,-0.0587,-1.0608,-0.0986,-0.5172,-0.2852,0.3895,-0.3432,-1.0204,-0.1895,0.1293,-0.4916,-0.5981,0.1643,-0.3655,-0.3202,-1.0522,-0.1234,-0.2536,0
2004-12-31,0.3533,0.7783,-0.1076,0.2586,-0.1288,0.4786,0.5151,0.8864,0.1707,0.0623,0.4393,0.4263,0.0254,0.4619,0.6125,0.3001,0.1128,0.4059,0.7977,0.2295,0.7227,0.3567,0.8140,0.6420,1.0614,0.4649,0.4399,0
2005-03-31,1.4056,1.2101,0.5426,0.8112,1.0368,1.2326,1.1876,1.2579,0.8442,1.0851,1.2443,1.0235,1.4933,0.6359,1.6047,0.9528,1.0823,1.1264,1.4122,0.8946,1.0635,1.3569,0.9224,1.2262,1.8006,0.9908,1.0695,0
2005-06-30,0.6631,1.6084,0.8176,0.7424,0.9670,1.0689,1.1882,1.1791,0.6720,0.2298,1.7817,1.3671,1.5279,1.4799,1.7374,1.2099,1.1104,0.8333,1.0903,1.2637,1.3569,-0.1600,0.9132,-0.0100,2.5052,1.0879,1.0584,0
2005-09-30,1.0789,1.2094,0.5059,0.6106,0.9727,0.8402,0.8017,1.5938,0.5527,0.6144,1.0839,0.8785,1.1188,0.3402,1.5916,0.8782,0.7133,0.7599,1.3355,0.9948,1.1754,0.9766,0.9812,1.2387,2.5997,1.3241,1.1190,0
2005-12-31,1.1775,0.6738,0.2041,0.5084,1.2064,1.4872,0.6752,1.3685,0.6659,0.2355,0.7885,0.6334,0.8336,0.2118,1.6194,0.7077,1.0358,0.7366,0.9227,0.7397,1.0745,1.0028,0.8122,0.8927,1.7975,1.3242,1.0425,0
2006-03-31,1.3617,0.8065,0.4848,0.6905,1.2062,1.9900,0.6799,1.4745,0.9064,0.3811,1.0018,0.9628,1.0271,0.5295,1.9511,0.8883,1.1117,0.8477,1.1393,0.9170,0.8932,1.0980,1.1741,1.1439,1.7667,1.4078,1.1556,0
2006-06-30,1.1015,0.7541,0.5151,0.3373,1.0580,1.2697,0.5798,0.9339,0.7895,0.0732,1.1356,0.7345,1.0064,0.3609,1.4110,0.6787,0.8335,0.6931,0.7997,0.7713,0.7436,0.6138,0.7076,0.9147,1.6430,0.8432,0.7526,0
2006-09-30,1.0696,0.5910,0.4551,0.4087,1.0037,1.4368,0.6004,0.8357,0.6105,0.1445,0.6583,0.7048,0.7484,0.1129,1.3942,0.5462,0.7652,0.5326,0.7663,0.7408,0.5000,0.4485,0.9794,0.8024,1.3376,0.6657,0.7336,0
2006-12-31,1.3254,1.0782,0.6278,0.7999,1.4702,1.1691,1.0357,2.1243,0.9696,0.5693,1.5620,0.9271,1.4490,0.4948,1.2744,0.9851,1.5125,0.9692,1.1277,1.1170,1.2251,0.7185,1.2186,1.1562,1.9306,1.7542,1.3394,0
2007-03-31,0.5254,0.3857,0.0167,0.2121,0.1637,0.3767,0.3826,1.2813,0.1779,0.2185,-0.1874,0.3052,-0.1949,-0.1954,0.7153,0.1003,-0.1067,0.1784,0.5807,0.2194,0.5186,0.1246,1.0622,0.7167,0.8984,0.8891,0.5473,0
2007-06-30,1.4532,1.7443,1.2065,1.1110,1.1674,1.3504,1.2686,2.5109,1.3534,0.9525,2.2320,1.1604,1.8882,1.1591,1.8274,1.2761,1.6492,1.3763,1.2460,1.3866,1.4822,1.0514,1.6295,1.3837,2.1153,1.9681,1.6010,0
2007-09-30,1.2795,1.0669,0.8600,0.6719,1.0401,0.7816,0.8763,1.0907,1.0053,0.4744,1.2707,0.6731,1.2036,0.3412,1.4600,0.6014,1.0667,0.8542,0.8368,0.7519,0.6533,0.5638,0.8045,1.0275,1.3926,0.7585,0.8751,0
2007-12-31,1.0602,0.8455,0.7627,0.7703,0.6393,0.4153,0.9200,1.0235,0.3841,0.6603,0.6522,0.9645,1.0465,0.0861,1.5699,0.5844,0.2748,0.7289,0.8900,0.8171,0.4925,0.1897,0.7273,0.9076,0.7770,0.7923,0.8210,0
2008-03-31,1.5834,1.3327,1.0607,0.9888,1.0974,1.3969,1.3632,0.3742,1.4720,0.3164,1.0282,1.2512,1.1901,1.0582,1.4348,0.7034,1.5246,1.1824,0.5949,0.9702,0.8718,0.5831,1.2340,0.9779,1.2446,-0.0165,0.7695,0
2008-06-30,1.5709,1.3520,1.0955,1.0781,1.2555,1.5934,1.3166,0.9416,1.1040,0.8060,2.4707,1.0085,2.4295,0.3261,1.4416,0.9511,1.7291,1.3614,1.0800,1.0268,0.9001,1.3813,1.4238,1.5862,1.5037,0.5761,0.9902,0
2008-09-30,0.3359,0.1848,-0.2150,0.1698,0.2293,-0.8815,0.1543,0.3710,0.0701,0.1477,0.3973,0.0282,-0.1654,-0.1483,0.6385,0.0781,-0.4617,0.2217,0.7139,0.0156,0.4399,0.5859,1.0032,0.7934,1.4193,0.2848,0.3845,0
2008-12-31,-3.1684,-3.8698,-3.2626,-2.4887,-2.2244,-2.9630,-3.0945,-2.9513,-4.2941,-2.2041,-4.4618,-3.0293,-4.6850,-3.4234,-2.7799,-3.3048,-4.7664,-3.5135,-1.9574,-3.7467,-3.1850,-3.6634,-1.6415,-1.9533,-3.0279,-2.1545,-2.8891,1
2009-03-31,-1.5194,-2.6994,-2.5403,-1.5524,-0.9736,-1.8684,-1.8694,-1.8542,-2.6659,-1.0483,-4.8807,-1.9820,-4.7771,-2.1487,-1.6430,-2.4517,-2.6807,-2.6388,-0.4161,-2.5274,-1.7544,-1.1574,0.0597,-0.0265,-1.1391,-1.4935,-1.5730,1
2009-06-30,0.2129,0.8325,0.0629,0.0939,0.4177,0.5543,0.0471,0.5816,0.1118,0.4142,-0.5704,0.5512,-0.5327,0.8958,-0.2926,0.2134,0.7615,-0.2985,0.9959,0.3030,0.6668,0.4999,1.4564,1.6111,1.2940,0.4499,0.5494,1
2009-09-30,0.5395,2.1879,0.9156,0.9940,0.9050,0.9489,1.0900,1.9107,0.8002,1.1421,1.2865,1.5418,0.7597,1.6637,1.5760,1.2167,2.5660,0.9513,1.2128,1.4185,1.7692,1.1738,2.0786,1.7315,3.0731,1.2443,1.3683,1
2009-12-31,-0.0705,1.9183,1.0695,0.5598,0.4818,0.3549,0.3797,0.7113,0.2970,0.2887,0.3599,1.5273,-0.2049,1.8843,1.0668,0.7540,2.2680,0.3766,0.3432,1.2025,0.2438,-0.7117,1.1279,0.6428,2.4508,0.0619,0.5355,0
2010-03-31,0.4928,2.4918,1.5333,1.0230,0.7689,0.6188,0.7981,1.0165,0.8185,1.0128,0.6125,2.0244,0.4077,2.5201,2.7648,1.1241,2.9279,1.1980,0.2872,1.5491,0.4727,0.2353,0.9401,0.6634,2.6508,0.5356,0.9134,0
2010-06-30,0.3238,1.8461,1.1605,0.7304,0.5522,1.2871,0.7310,0.5407,0.4291,0.7274,0.6291,1.5059,1.1791,1.7991,1.4813,0.9274,2.1471,0.6231,-0.0089,1.3643,0.4149,0.0814,0.8971,0.3495,1.3744,0.2523,0.6719,0
2010-09-30,0.5491,1.3985,1.0838,0.5398,0.7485,1.4980,0.7038,0.1066,0.7651,0.5194,1.2631,0.9623,1.9912,1.2778,1.3184,0.8939,1.3103,0.6405,-0.0169,1.1397,0.3076,0.3037,0.7637,0.4953,1.2628,0.0785,0.5002,0
2010-12-31,1.0531,0.9969,0.6349,0.5333,0.7428,2.8439,0.8634,0.4450,1.0120,0.7734,0.5671,0.4728,1.9310,0.5134,0.4311,0.9293,1.1464,0.6513,0.0836,1.0450,0.9944,1.3187,1.1285,0.7618,0.2451,0.6544,0.8997,0
2011-03-31,1.2292,0.1269,0.6177,0.1399,1.0492,3.1248,0.6287,-0.2831,0.8115,0.3353,1.3466,0.0097,3.0221,0.0476,-0.2696,0.6983,1.0839,0.1985,-0.3463,0.7635,0.6221,1.6883,0.6315,0.6757,-0.3678,0.1493,0.6165,0
2011-06-30,1.0256,0.4093,0.4976,0.3672,0.8057,2.8405,0.7392,0.1243,0.7987,0.4424,0.9421,0.2385,2.2948,0.0285,0.6314,0.5422,1.0444,0.4525,0.2067,0.9795,0.6764,1.2822,1.0449,0.5019,0.4553,0.3181,0.6385,0
2011-09-30,-0.0205,-0.4597,-0.3283,-0.3836,-0.3109,0.7151,-0.3388,-0.5354,-0.2958,-0.1221,-0.4936,-0.4810,0.7123,-0.2113,-0.2072,-0.7231,-0.3249,-0.4361,-0.4242,-0.0702,-0.4971,0.0626,-0.0844,-0.3351,-0.7913,-0.1989,-0.3063,0
2011-12-31,-0.1853,0.1445,-0.3575,-0.1228,-0.5557,-1.1806,-0.1195,0.3999,0.0189,0.2443,1.3819,-0.0081,2.0360,0.2049,-0.2481,-0.6581,0.2375,-0.0876,0.2282,0.2863,-0.0574,0.1800,0.1820,0.2031,-0.0422,0.1848,0.0153,0
2012-03-31,-0.1589,0.4350,-0.1650,0.0787,-0.6905,-1.4083,0.0466,1.0097,0.0811,0.2896,-0.0376,0.4587,0.1012,0.4930,0.9234,-0.7493,0.2590,0.4020,0.4910,0.6135,0.4037,0.2767,0.5790,-0.2878,1.0225,0.6581,0.2937,0
2012-06-30,-0.1177,0.1675,-0.1092,0.0096,-0.3919,-1.2628,0.2156,0.7384,0.1646,0.3121,0.3168,0.2773,0.3135,0.2989,0.1499,-0.5340,0.2414,0.0097,0.3830,0.2579,0.4106,0.0986,0.1210,0.0362,0.7075,0.5377,0.1271,0
2012-09-30,0.6336,0.7377,0.9167,0.4649,0.1189,-0.2138,0.9593,0.9994,1.2463,0.8423,0.2762,1.1607,0.3115,1.7821,-0.0543,0.4621,0.6516,0.6188,1.0746,0.8771,1.0112,0.8422,0.4181,0.6197,1.8160,0.8603,0.7302,0
2012-12-31,0.1006,0.3636,0.4187,0.0767,-0.0114,-0.0549,0.8678,0.3183,0.8023,0.2985,1.2818,0.2133,0.2281,1.1997,-0.8773,0.1617,0.7099,0.0246,0.3234,-0.0492,0.6486,0.5258,0.0388,0.0172,1.4102,0.1108,0.1819,0
2013-03-31,0.8775,0.6030,1.1508,0.2705,0.3046,0.8974,1.3820,0.4997,1.1250,0.7974,0.6341,0.6353,0.1225,0.6406,-0.5730,0.8956,0.5331,0.2404,0.8822,0.4935,0.9598,1.3488,0.2173,0.3580,2.3933,0.4302,0.6367,0
2013-06-30,0.7065,1.1503,1.0039,0.6841,0.8046,1.1135,1.5930,0.7155,1.0850,0.6628,1.5872,1.0173,0.7072,1.2474,-0.2267,1.0696,0.5854,0.6170,0.7744,0.7253,1.3665,0.7151,0.7150,0.1936,1.7322,0.6678,0.7924,0
2013-09-30,0.9473,1.3544,0.8726,0.7422,1.1288,0.9833,1.3118,0.2843,1.0669,0.5214,2.2520,0.7789,1.2031,0.8598,0.1389,0.9982,0.6334,0.6779,0.4477,0.7270,0.8789,0.8206,0.6275,0.0261,0.4747,0.5377,0.7339,0
2013-12-31,0.4229,1.0375,0.1550,0.3713,0.5106,1.2137,0.6518,-0.0391,0.0745,0.1350,0.6154,0.3785,0.1752,-0.1035,-0.4643,0.2556,-0.7279,0.2678,-0.0489,0.1008,0.4946,-0.0336,0.5531,-0.1623,-1.4616,0.4455,0.2654,0
2014-03-31,0.1636,0.8850,-0.1275,0.4454,0.7367,1.0552,0.4631,0.0555,-0.3150,-0.0033,0.3910,0.3995,-0.1194,-0.5992,0.1359,0.2437,-0.8446,0.1044,-0.1511,0.3878,0.3352,-0.6959,0.6609,-0.3521,-2.3790,0.6889,0.3350,0
2014-06-30,0.5604,1.3657,0.6184,0.5773,1.2336,1.3303,0.6443,0.4230,0.4503,-0.0471,1.2444,0.7365,1.1393,1.4101,0.0936,0.5228,0.3362,0.5813,0.5543,0.4055,0.4730,0.0269,0.7532,0.4181,-0.6121,0.8372,0.6703,0
2014-09-30,0.5246,1.0758,0.7581,0.4108,1.2496,1.5921,0.7570,0.4500,0.3930,-0.0632,0.6652,0.7020,1.3183,1.1646,0.4802,0.5201,0.3435,0.6211,0.8246,0.4843,0.7378,0.3302,0.6377,0.8390,0.7416,0.7631,0.6687,0
2014-12-31,0.6355,0.5634,0.8613,0.3926,1.7949,0.8528,0.7739,0.7084,0.9622,-0.0241,-0.0780,0.8956,0.9094,3.0305,0.3668,0.4825,0.7929,0.5892,1.3725,0.3438,0.6675,0.3837,0.4548,1.3088,2.8654,0.8960,0.7772,0
2015-03-31,-0.6185,-0.6600,-0.1466,-0.6475,0.6853,1.4724,-0.0740,-0.3364,-0.3272,-1.1198,-1.4662,0.1199,0.5026,3.1002,-0.1227,-0.7606,-0.3793,-0.4262,0.6479,-1.0175,-0.4695,-0.8623,-0.4147,-0.2413,2.7957,-0.0219,-0.1614,0
2015-06-30,0.4540,0.3832,0.7486,-0.0170,1.2616,2.1162,0.4749,0.2339,0.1427,-0.4285,-0.8226,0.6943,0.4280,1.9533,0.4830,0.1333,0.9385,0.0550,1.0573,0.2488,0.2122,-0.3476,0.5323,0.6371,3.0164,0.2118,0.5686,0
2015-09-30,0.5078,0.5407,0.7719,0.0068,0.9850,2.5204,0.4147,0.3673,0.0563,-0.1203,-0.1079,0.7722,0.2838,0.6750,0.2030,0.3822,1.3502,0.1004,0.6977,0.5396,0.5440,-0.0451,0.8320,0.6954,2.1921,0.3208,0.5174,0
2015-12-31,0.9382,0.7168,0.4887,0.0011,0.7798,3.0147,0.2013,0.3198,-0.2525,0.2898,-0.6011,0.5631,-0.8115,-1.1763,0.4531,0.4062,1.1188,0.0480,0.3288,0.6956,0.4363,0.3259,1.0431,0.4847,1.4770,0.3481,0.4862,0
2016-03-31,0.1569,0.8030,0.2912,-0.2356,-0.1912,1.7744,-0.2209,0.0595,-1.0048,0.2898,0.7139,0.3105,-0.5542,-2.0689,0.7521,0.4518,-0.1394,-0.1576,-0.1831,0.7802,-0.0586,-0.2176,1.0954,-0.3051,0.5572,0.1294,0.2006,0
2016-06-30,0.6769,0.4643,-0.0776,0.1028,-0.0132,2.4333,0.0804,0.4369,0.1358,0.5362,-0.8021,0.5977,-1.4673,-1.2298,0.9860,0.3814,0.0028,0.2312,0.2931,0.6509,0.0650,0.4072,1.0256,0.1685,0.0025,0.5261,0.5381,0
2016-09-30,0.5977,0.3513,0.0277,0.1371,0.5261,2.7818,0.3803,0.4609,0.7351,0.1350,0.8029,0.6308,0.4488,-0.6836,0.7914,0.5314,0.9663,0.1440,0.2024,0.6158,-0.0546,0.5906,0.1961,-0.0858,-0.1295,0.6446,0.5396,0
2016-12-31,0.4260,-0.5438,-0.4093,0.1241,0.5494,3.1009,0.4010,0.4077,1.1810,0.0539,0.0009,0.7788,0.5884,0.0052,0.1119,0.1901,0.4766,0.0553,0.5877,0.1273,-0.6337,0.1985,-0.2976,0.2020,-1.0816,0.6596,0.4266,0
2017-03-31,0.7211,-0.3062,-0.4383,0.3320,0.6602,1.7932,0.7331,0.1809,2.5833,-0.0671,1.1836,0.4897,1.2402,0.3518,0.3842,0.4423,0.5934,0.6637,0.8616,0.1774,-0.6145,1.2212,-0.9861,0.7533,-1.1119,0.3884,0.3227,0
2017-06-30,0.2082,-0.7055,-0.4301,0.2154,0.1675,2.0140,0.4366,0.4279,1.0235,0.1530,0.7349,0.2914,1.2037,-0.2370,0.3437,0.1114,0.0203,0.3833,0.4873,-0.0737,-0.4574,0.8546,-0.4845,0.4338,-1.2498,0.8706,0.2851,0
2017-09-30,0.4358,0.4845,-0.0413,0.4699,0.1471,0.2883,0.6576,0.8657,0.2193,0.2129,1.4611,0.0801,0.9298,-0.7436,-0.0531,0.1998,0.7794,0.6136,0.4429,0.3925,0.5208,0.7176,0.5301,0.8172,-0.2812,0.6689,0.4964,0
2017-12-31,0.4523,0.9847,0.9010,0.7466,0.1016,0.9965,0.7679,1.3304,-0.4817,0.7293,2.0495,0.5298,1.9840,0.1584,0.3861,0.5169,1.3302,0.9199,0.5802,0.8060,1.2047,0.7061,1.2623,1.0445,0.4731,1.2423,1.0383,0
2018-03-31,0.4878,0.9559,1.3671,0.4039,-0.1835,1.6238,0.1740,0.8673,-1.4900,0.9692,0.7580,0.3959,1.2828,0.6328,-0.1790,0.0254,1.0843,0.4858,0.2369,0.5417,0.8794,0.2442,1.5756,1.3050,0.4494,0.9157,0.7283,0
2018-06-30,0.6913,1.4409,0.7620,0.8569,-0.1119,0.0841,0.8596,1.2980,-0.3951,0.9498,1.7940,0.3797,0.8746,-0.0530,0.8322,0.6207,0.9416,1.1203,0.5927,0.8341,1.7621,1.0272,1.7480,1.2939,1.3709,0.7846,0.9100,0
2018-09-30,-0.5109,-0.6271,-0.3685,-0.2317,-0.9017,0.8530,-0.2422,-0.2412,-0.9099,-0.0672,-0.2702,-0.2817,-0.0988,-0.8371,-0.1042,-0.4407,-0.4034,-0.5305,-0.3228,-0.3507,-0.0136,-0.7459,0.2904,0.0246,-0.3499,-0.2651,-0.2174,0
2018-12-31,0.6651,0.1108,-0.0137,0.4805,0.4804,1.0689,0.7050,0.2247,1.0580,0.3595,1.4890,0.2635,0.9538,-0.4717,0.6042,0.5116,1.4167,0.1792,0.2287,0.4186,0.6515,0.2426,0.4589,0.8715,0.7230,-0.3036,0.3401,0
2019-03-31,0.2755,-0.2453,-0.4282,0.3750,-0.2440,0.2920,0.4684,0.2334,1.7992,0.6262,0.2559,0.5252,0.1354,0.3520,1.2383,0.5542,-0.3050,0.2013,0.4095,0.1503,0.5565,0.1058,0.0071,0.4329,0.8805,-0.1086,0.2415,0
2019-06-30,0.9017,0.4603,0.8022,0.6341,0.5789,1.0401,0.6971,0.6007,1.2332,0.8777,0.5120,0.7946,0.3956,-0.2310,1.4907,0.9225,1.2034,0.3878,0.7864,0.8517,0.4779,0.6937,0.1413,0.4943,1.5522,0.3281,0.6553,0
2019-09-30,1.2469,0.2733,1.2170,0.4866,0.5532,2.0101,0.3796,0.2274,0.6313,0.8526,-1.0113,0.7925,-0.4078,-0.5939,0.2394,0.5282,1.1479,0.3951,0.9361,0.7317,-0.2388,1.0154,-0.0368,0.5624,1.0459,0.2374,0.4394,0
2019-12-31,1.1171,0.8322,1.9390,0.3516,0.8114,1.6966,0.2414,0.4915,-0.3867,0.7750,-1.5921,0.7458,-0.8952,-1.2158,0.3816,0.5423,1.2387,0.0901,1.1552,0.9556,-0.4494,0.8589,0.1556,-0.0982,1.7568,0.6975,0.5462,0
2020-03-31,-0.5333,-1.5973,1.1658,-1.5219,-0.5597,0.3802,-1.9283,-2.0837,-3.1366,-2.0853,-4.9439,-0.9908,-3.6785,-2.8373,-2.7408,-1.4729,-0.5572,-2.2126,-0.6982,-0.6811,-3.7506,-1.7231,-2.1657,-2.6545,-0.4877,-0.9542,-1.4495,1
2020-06-30,-4.4219,-8.3156,-3.5253,-6.4088,-4.4258,-2.9944,-7.1683,-8.1204,-7.3968,-8.6085,-15.5222,-5.6159,-12.6589,-7.2726,-8.2430,-6.5978,-6.0456,-8.0761,-5.4019,-5.4138,-9.3852,-7.1389,-7.0433,-7.8879,-6.5856,-5.5537,-6.4946,1
2020-09-30,3.8109,11.5821,6.7202,6.7038,4.2377,2.5650,7.2578,8.2487,7.1919,9.7897,15.8215,6.9396,12.9588,8.5358,9.7495,8.3332,6.7508,8.9578,7.1906,8.0095,9.8927,7.1934,7.9329,6.6362,9.7922,4.9478,6.8458,1
2020-12-31,-0.8156,1.6404,0.3542,0.2196,-0.4771,0.5713,0.4680,0.4988,0.9111,-0.4800,3.7719,0.4855,3.8289,2.0609,0.3248,1.4476,1.7215,0.9263,0.8605,1.6375,2.1193,0.7071,1.1842,-0.2488,1.0553,-0.7307,0.3938,0
2021-03-31,-0.9485,0.5272,-0.3618,0.1444,0.2413,3.2133,0.8489,0.0182,1.2400,-1.6682,3.0402,0.3551,3.8716,1.5243,-0.4875,1.2960,5.0018,0.2107,0.1411,1.5010,2.9956,0.2551,1.3072,-0.2402,-0.8959,-1.2577,0.3699,0
2021-06-30,0.7989,3.1759,0.7953,1.9057,1.7244,3.0560,2.5507,2.8741,2.6457,3.2136,3.9898,2.2699,3.9834,3.1356,2.0092,2.4602,4.3849,1.8173,2.3636,2.4150,4.6749,1.8915,3.4383,3.2994,2.1468,1.0124,2.2125,0
2021-09-30,1.3974,2.4444,1.6765,2.0687,1.7022,3.0662,2.3521,2.0389,2.2865,3.7355,3.1449,2.2777,3.0617,2.7216,3.0182,2.0471,3.1034,2.3240,2.3057,1.6659,3.0221,3.1325,2.5994,3.7573,0.9060,1.3636,2.1164,0
2021-12-31,0.7663,0.9107,0.9534,0.6206,0.7801,1.9446,1.0514,0.5451,0.5329,0.9356,2.5919,1.0919,2.4968,0.5960,0.7474,0.6393,1.5890,0.7893,1.2594,0.5772,0.7097,0.8555,0.8012,2.1609,0.2587,0.3018,0.7192,0
2022-03-31,0.1178,0.2992,0.1720,0.1671,-0.2950,-1.5121,0.2194,0.2112,-0.1624,0.3623,3.1369,-0.0702,1.7943,-0.5793,0.4970,-0.0394,-0.7795,0.5524,0.6549,-0.2312,-1.0149,0.3109,-0.4526,1.0813,1.2637,0.6227,0.1240,0
2022-06-30,0.5540,0.7360,0.4905,0.7689,0.0430,-1.4131,0.6177,0.6382,0.3604,1.1511,1.9871,0.5703,0.8099,0.1808,1.2706,0.4322,-0.9789,1.4283,0.6208,0.1895,-0.2939,0.6723,0.1728,1.2352,1.5463,0.6729,0.6977,0
2022-09-30,0.2286,-0.1000,0.5059,0.2273,0.3698,0.9970,0.0812,-0.0439,-0.4996,0.1351,1.0869,0.3476,1.0392,0.1741,0.1057,-0.1029,0.3689,-0.0280,0.0946,-0.0982,-0.5558,-0.5514,0.0018,0.1218,0.1496,0.2011,0.1742,0
2022-12-31,0.2806,-0.2663,0.3426,0.0916,0.7374,0.7991,0.0466,0.0254,-0.5767,0.0286,-0.4784,0.2971,-0.3070,-0.2469,-0.3863,-0.1840,0.5035,-0.2721,-0.0711,-0.0476,0.0202,-0.6624,0.0869,0.0686,0.7741,0.1361,0.0732,0
2023-03-31,1.0876,0.9537,0.7403,1.0166,1.2060,2.2843,1.0648,0.7301,0.9498,0.6442,0.8284,1.0714,1.1235,0.8584,0.5111,0.9351,1.8828,1.0875,0.5406,1.0040,1.4875,0.9059,1.1949,0.4115,1.2298,0.5085,0.8830,0
2023-06-30,-0.2608,-0.1875,-0.1857,-0.1501,-0.2026,0.9067,-0.3152,-0.1621,-0.6641,0.2988,-1.0584,0.0265,-0.5378,0.2343,-0.1693,-0.3475,-0.6877,-0.3921,-0.2238,-0.2925,-0.1562,-0.7366,0.1613,-0.5707,0.1106,-0.0728,-0.2420,0
2023-09-30,0.4146,-0.2509,-0.0450,0.0782,0.6291,0.9566,0.1309,0.0579,0.0722,-0.2238,-0.5508,-0.0334,-0.1684,0.0390,-0.5221,-0.0793,1.1376,-0.2119,-0.1829,-0.0431,0.1706,0.0199,0.2143,0.1109,-0.1509,0.0327,0.2135,0
2023-12-31,-0.0152,0.2323,0.1995,0.2574,-0.2185,0.2336,0.2196,-0.0146,0.2615,0.4133,0.3304,0.2642,0.5068,0.4184,0.4590,0.3344,-0.2630,0.3281,0.1062,0.1282,0.1227,0.4521,0.2822,0.0620,-0.5502,0.1424,0.2594,0
2024-03-31,0.3831,0.3651,0.0072,0.1424,0.1656,-0.2596,0.3980,0.2135,0.2896,0.0772,-0.2637,0.0516,-0.5620,-0.2433,0.3551,0.1550,0.4992,0.1938,-0.0733,0.1098,0.6418,0.6263,0.5028,0.2634,-0.1961,-0.0100,0.2638,0
2024-06-30,0.8530,-0.0930,0.4512,0.2845,1.2843,3.0049,0.5573,0.0719,0.4345,0.3690,0.2582,0.5105,1.1569,0.5595,-0.2761,0.2972,2.3983,-0.1153,0.1083,0.2550,0.4848,0.5020,0.5585,0.7851,-0.5666,0.1418,0.5069,0